일자	시간	지역	일정	세부내용	이동/메모	중요	팁
10/31(토)	07:45	인천	인천공항 출발	후쿠오카 09:15 도착 예정			
10/31(토)	09:15	후쿠오카공항	후쿠오카공항 도착 → Budget 셔틀	수하물 수령 후 공항 앞 셔틀 미팅장소로 이동	카시트·ETC·내비 옵션 확인	Y	
10/31(토)	10:00	후쿠오카공항	Budget 후쿠오카공항점 렌터카 픽업	소형 에코카 · AT · 금연 · ETC 카드/베이비시트 포함		Y	
10/31(토)	10:30	이동	유후인으로 출발	약 1시간 30분~2시간. 중간에 휴게소 1회 쉬는 전제로 움직이기			가족여행: 아기 수유/기저귀와 임산부 휴식 때문에 도착 시간을 15~20분 여유 있게 잡는 게 좋습니다.
10/31(토)	12:30	유후인	유후인 도착 · 점심	주차 후 점심부터 해결. 웨이팅이 길면 바로 대체 매장으로 전환			
10/31(토)	14:00	유후인	긴린코 → 유후인 거리 → 플로랄빌리지	긴린코를 기준점으로 잡고 상점가를 천천히 이동	자갈길은 아기띠 병행	Y	
10/31(토)	16:30	이동	벳푸로 이동	유후인 → 벳푸 약 40~60분. 해 지기 전에 이동 시작			
10/31(토)	17:30	벳푸	노가미혼칸 체크인	저녁은 숙소 주변에서 편하게	온천은 컨디션 좋을 때만 짧게	Y	
11/1(일)	08:30	벳푸	숙소 출발	사파리까지 약 30~40분. 입장 시작 시간 전후 도착 목표			
11/1(일)	09:30~	우사	아프리칸 사파리	자가용으로 도는 마이카 사파리 중심	당일 운영시간 공식 페이지 확인 · 현금 대비	Y	
11/1(일)	12:30	이동	점심	사파리 인근 또는 벳푸 복귀 동선에서. 아이 식사 시간 우선			
11/1(일)	14:00	벳푸	우미지고쿠 중심 지고쿠메구리	7곳 전부보다 대표 1~2곳만	우미지고쿠 1순위 · 여유 있으면 치노이케	Y	
11/1(일)	16:00	벳푸	니시마츠야 벳푸 야마나미점	아기옷·소모품 1차 쇼핑			쇼핑 팁: 생활형 아기용품은 여기서 먼저 해결하고, Day4 하카타한큐는 산리오·베이비·기념품 위주로.
11/1(일)	17:30	벳푸	노가미혼칸 복귀 · 저녁	벳푸역/키타하마 근처 가까운 곳 우선	둘째 날 피로 누적 시점		
11/2(월)	09:00	벳푸→후쿠오카	체크아웃 → 후쿠오카 출발	약 2시간. 휴게소 포함해 반납 시간에 쫓기지 않게 출발			
11/2(월)	11:30	하카타	호텔 포르자Ⅱ 짐 보관	JR 하카타역 치쿠시구치 도보 약 3분. 체크인 전이라 짐 먼저 맡기기		Y	
11/2(월)	13:30	하카타	렌터카 반납 (Budget 하카타역 치쿠시구치점)	예약 반납시간 14:00		Y	
11/2(월)	14:10	하카타	포르자Ⅱ 체크인	FORZA Double Room · Non Smoking · 성인 2 + 아동 1	체크인 14:00 / 체크아웃 11:00	Y	예약번호: 여기어때 26092621016D74ES1
11/2(월)	14:40	후쿠오카	오호리공원	지하철 이동. 유모차로 걷기 좋고 도시 일정 시작점으로 편안함		Y	
11/2(월)	16:00	텐진/다이묘	몽벨 · nanamica 쇼핑	필요한 브랜드만 찍고 이동해서 체력 소모 줄이기		Y	
11/2(월)	18:00	하카타	캐널시티 하카타 · 저녁	쇼핑과 식사를 한 장소에서 끝내기	야타이 제외	Y	
11/2(월)	20:00	하카타	포르자Ⅱ 복귀	다음날 10시 하카타한큐 일정이 있어 무리한 야간 일정 없음			
11/3(화)	08:30	하카타	기상 · 체크아웃 준비	체크아웃 마감 11:00. 수하물 최종 정리			
11/3(화)	09:30	하카타	체크아웃 · 짐 맡기기 → 하카타한큐	포르자Ⅱ에 짐을 맡긴 뒤 하카타역 한큐로 도보 이동			
11/3(화)	10:00	하카타역	하카타한큐 오픈 → 마지막 쇼핑	7F 베이비·키즈/산리오 먼저, 시간 남으면 B1 식품·기념품	아뮤플라자 7F MARKEY'S와 연결	Y	추천 순서: 7F 산리오/베이비 → B1 기념품. 영업시간 10:00~20:00.
11/3(화)	10:50	하카타→공항	쇼핑 종료 → 공항 이동	13:50 국제선이므로 쇼핑 연장 금지. 택시 또는 국제선 직행버스		Y	
11/3(화)	11:30	후쿠오카공항	국제선 도착 목표	체크인·수하물 위탁·출국심사			
11/3(화)	13:50	후쿠오카공항	후쿠오카 출발 → 인천 15:30	여행 종료		Y	
